{
  "id": "ai-journal-enhancer",
  "type": "module",
  "title": "AI Journal Enhancer",
  "description": "Enhance Journal Entries with AI-generated prose and translations for immersive storytelling. (streaming + batch mode)",
  "version": "1.0.1",
  "authors": [
    {
      "name": "MrTranscended",
      "url": "https://github.com/MrTranscended",
      "discord": "MrTranscended#4956"
    }
  ],
  "url": "https://github.com/MrTranscended/AI-Journal",
  "manifest": "https://raw.githubusercontent.com/MrTranscended/AI-Journal/refs/heads/main/module.json",
  "download": "https://github.com/MrTranscended/AI-Journal/raw/refs/heads/main/ai-journal-enhancer.zip",
  "license": "MIT",
  "esmodules": ["settings.js", "api.js", "ai-enhancer.js"],
  "styles": ["styles.css"],
  "compatibility": { "minimum": "13", "verified": "13" }
}